Product Name,Price,Feature
APPLE MacBook Pro M1 - (8 GB/256 GB SSD/Mac OS Big Sur) MYD82HN/A,"₹1,12,990","Apple M1 Processor8 GB DDR4 RAMMac OS Operating System256 GB SSD33.78 cm (13.3 inch) DisplayBuilt-in Apps: iMovie, Siri, GarageBand, Pages, Numbers, Photos, Keynote, Safari, Mail, FaceTime, Messages, Maps, Stocks, Home, Voice Memos, Notes, Calendar, Contacts, Reminders, Photo Booth, Preview, Books, App Store, Time Machine, TV, Music, Podcasts, Find My, QuickTime Player1 Year Limited Warra­nty"
APPLE MacBook Pro M1 - (8 GB/512 GB SSD/Mac OS Big Sur) MYD92HN/A,"₹1,29,990","Apple M1 Processor8 GB DDR4 RAMMac OS Operating System512 GB SSD33.78 cm (13.3 inch) DisplayBuilt-in Apps: iMovie, Siri, GarageBand, Pages, Numbers, Photos, Keynote, Safari, Mail, FaceTime, Messages, Maps, Stocks, Home, Voice Memos, Notes, Calendar, Contacts, Reminders, Photo Booth, Preview, Books, App Store, Time Machine, TV, Music, Podcasts, Find My, QuickTime Player1 Year Limited Warra­nty"
APPLE MacBook Pro Core i7 9th Gen - (16 GB/512 GB SSD/Mac OS Catalina/4 GB Graphics) MVVJ2HN/A,"₹1,79,990","Intel Core i7 Processor (9th Gen)16 GB DDR4 RAMMac OS Operating System512 GB SSD40.64 cm (16 inch) DisplayBuilt-in Apps: iMovie, Photos, GarageBand, Pages, Numbers, Keynote, Siri, Safari, Mail, FaceTime, Messages, Maps, News, Stocks, Home, Voice Memos, Notes, Calendar, Contacts, Reminders, Photo Booth, Preview, Music, Podcasts, TV, Books, App Store, Time Machine, Find My, QuickTime Player1 Year Onsite Warranty"
APPLE MacBook Pro Core i7 9th Gen - (16 GB/512 GB SSD/Mac OS Catalina/4 GB Graphics) MVVL2HN/A,"₹1,79,990","Intel Core i7 Processor (9th Gen)16 GB DDR4 RAMMac OS Operating System512 GB SSD40.64 cm (16 inch) DisplayBuilt-in Apps: iMovie, Photos, GarageBand, Pages, Numbers, Keynote, Siri, Safari, Mail, FaceTime, Messages, Maps, News, Stocks, Home, Voice Memos, Notes, Calendar, Contacts, Reminders, Photo Booth, Preview, Music, Podcasts, TV, Books, App Store, Time Machine, Find My, QuickTime Player1 Year Onsite Warranty"
APPLE MacBook Pro M1 - (8 GB/256 GB SSD/Mac OS Big Sur) MYDA2HN/A,"₹1,12,990","Apple M1 Processor8 GB DDR4 RAMMac OS Operating System256 GB SSD33.78 cm (13.3 inch) DisplayBuilt-in Apps: iMovie, Siri, GarageBand, Pages, Numbers, Photos, Keynote, Safari, Mail, FaceTime, Messages, Maps, Stocks, Home, Voice Memos, Notes, Calendar, Contacts, Reminders, Photo Booth, Preview, Books, App Store, Time Machine, TV, Music, Podcasts, Find My, QuickTime Player1 Year Limited Warra­nty"
APPLE MacBook Pro Core i9 9th Gen - (16 GB/1 TB SSD/Mac OS Catalina/4 GB Graphics) MVVM2HN/A,"₹2,15,990","Intel Core i9 Processor (9th Gen)16 GB DDR4 RAMMac OS Operating System1 TB SSD40.64 cm (16 inch) DisplayBuilt-in Apps: iMovie, Photos, GarageBand, Pages, Numbers, Keynote, Siri, Safari, Mail, FaceTime, Messages, Maps, News, Stocks, Home, Voice Memos, Notes, Calendar, Contacts, Reminders, Photo Booth, Preview, Music, Podcasts, TV, Books, App Store, Time Machine, Find My, QuickTime Player1 Year Onsite Warranty"
APPLE MacBook Pro Core i9 9th Gen - (16 GB/1 TB SSD/Mac OS Catalina/4 GB Graphics) MVVK2HN/A,"₹2,15,990","Intel Core i9 Processor (9th Gen)16 GB DDR4 RAMMac OS Operating System1 TB SSD40.64 cm (16 inch) DisplayBuilt-in Apps: iMovie, Photos, GarageBand, Pages, Numbers, Keynote, Siri, Safari, Mail, FaceTime, Messages, Maps, News, Stocks, Home, Voice Memos, Notes, Calendar, Contacts, Reminders, Photo Booth, Preview, Music, Podcasts, TV, Books, App Store, Time Machine, Find My, QuickTime Player1 Year Onsite Warranty"
APPLE MacBook Pro Core i5 8th Gen - (8 GB/512 GB SSD/Mac OS Mojave) MV972HN/A,"₹1,62,990","Intel Core i5 Processor (8th Gen)8 GB DDR3 RAMMac OS Operating System512 GB SSD33.78 cm (13.3 inch) DisplayBuilt-in Apps: Keynote, Siri, Safari, FaceTime, App Store, iTunes, Time Machine, iMovie, GarageBand, Pages, Notes1 Year Onsite Warranty"
APPLE MacBook Pro M1 - (8 GB/512 GB SSD/Mac OS Big Sur) MYDC2HN/A,"₹1,29,990","Apple M1 Processor8 GB DDR4 RAMMac OS Operating System512 GB SSD33.78 cm (13.3 inch) DisplayBuilt-in Apps: iMovie, Siri, GarageBand, Pages, Numbers, Photos, Keynote, Safari, Mail, FaceTime, Messages, Maps, Stocks, Home, Voice Memos, Notes, Calendar, Contacts, Reminders, Photo Booth, Preview, Books, App Store, Time Machine, TV, Music, Podcasts, Find My, QuickTime Player1 Year Limited Warra­nty"
APPLE MacBook Pro Core i5 8th Gen - (8 GB/512 GB SSD/Mac OS Mojave) MV9A2HN/A,"₹1,62,990","Intel Core i5 Processor (8th Gen)8 GB DDR3 RAMMac OS Operating System512 GB SSD33.78 cm (13.3 inch) DisplayBuilt-in Apps: Keynote, Siri, Safari, FaceTime, App Store, iTunes, Time Machine, iMovie, GarageBand, Pages, Notes1 Year Onsite Warranty"
APPLE MacBook Pro with Touch Bar Core i5 8th Gen - (8 GB/256 GB SSD/Mac OS Catalina) MXK32HN/A,"₹98,990","Intel Core i5 Processor (8th Gen)8 GB LPDDR3 RAMMac OS Operating System256 GB SSD33.02 cm (13 inch) DisplayBuilt-in Apps: Photos, iMovie, GarageBand, Pages, Numbers, Keynote, Siri, Safari, Mail, FaceTime, Messages, Maps, News, Stocks, Home, Voice Memos, Notes, Calendar, Contacts, Reminders, Photo Booth, Preview, Music, Podcasts, TV, Books, App Store, Time Machine, Find My, QuickTime Player1 Year Limited Hardware Warranty"
APPLE MacBook Pro with Touch Bar Core i5 10th Gen - (16 GB/512 GB SSD/Mac OS Catalina) MWP42HN/A,"₹1,60,990","Intel Core i5 Processor (10th Gen)16 GB LPDDR4X RAMMac OS Operating System512 GB SSD33.02 cm (13 inch) DisplayBuilt-in Apps: Photos, iMovie, GarageBand, Pages, Numbers, Keynote, Siri, Safari, Mail, FaceTime, Messages, Maps, News, Stocks, Home, Voice Memos, Notes, Calendar, Contacts, Reminders, Photo Booth, Preview, Music, Podcasts, TV, Books, App Store, Time Machine, Find My, QuickTime Player1 Year Limited Hardware Warranty"
APPLE MacBook Pro with Touch Bar Core i5 10th Gen - (16 GB/512 GB SSD/Mac OS Catalina) MWP72HN/A,"₹1,60,990","Intel Core i5 Processor (10th Gen)16 GB LPDDR4X RAMMac OS Operating System512 GB SSD33.02 cm (13 inch) DisplayBuilt-in Apps: Photos, iMovie, GarageBand, Pages, Numbers, Keynote, Siri, Safari, Mail, FaceTime, Messages, Maps, News, Stocks, Home, Voice Memos, Notes, Calendar, Contacts, Reminders, Photo Booth, Preview, Music, Podcasts, TV, Books, App Store, Time Machine, Find My, QuickTime Player1 Year Limited Hardware Warranty"
APPLE MacBook Pro with Touch Bar Core i5 8th Gen - (8 GB/512 GB SSD/Mac OS Catalina) MXK72HN/A,"₹1,32,990","Intel Core i5 Processor (8th Gen)8 GB LPDDR3 RAMMac OS Operating System512 GB SSD33.02 cm (13 inch) DisplayBuilt-in Apps: Photos, iMovie, GarageBand, Pages, Numbers, Keynote, Siri, Safari, Mail, FaceTime, Messages, Maps, News, Stocks, Home, Voice Memos, Notes, Calendar, Contacts, Reminders, Photo Booth, Preview, Music, Podcasts, TV, Books, App Store, Time Machine, Find My, QuickTime Player1 Year Limited Hardware Warranty"
APPLE MacBook Pro with Touch Bar Core i5 10th Gen - (16 GB/1 TB SSD/Mac OS Catalina) MWP82HN/A,"₹1,79,990","Intel Core i5 Processor (10th Gen)16 GB LPDDR4X RAMMac OS Operating System1 TB SSD33.02 cm (13 inch) DisplayBuilt-in Apps: Photos, iMovie, GarageBand, Pages, Numbers, Keynote, Siri, Safari, Mail, FaceTime, Messages, Maps, News, Stocks, Home, Voice Memos, Notes, Calendar, Contacts, Reminders, Photo Booth, Preview, Music, Podcasts, TV, Books, App Store, Time Machine, Find My, QuickTime Player1 Year Limited Hardware Warranty"
APPLE MacBook Pro with Touch Bar Core i5 10th Gen - (16 GB/1 TB SSD/Mac OS Catalina) MWP52HN/A,"₹1,79,990","Intel Core i5 Processor (10th Gen)16 GB LPDDR4X RAMMac OS Operating System1 TB SSD33.02 cm (13 inch) DisplayBuilt-in Apps: Photos, iMovie, GarageBand, Pages, Numbers, Keynote, Siri, Safari, Mail, FaceTime, Messages, Maps, News, Stocks, Home, Voice Memos, Notes, Calendar, Contacts, Reminders, Photo Booth, Preview, Music, Podcasts, TV, Books, App Store, Time Machine, Find My, QuickTime Player1 Year Limited Hardware Warranty"
APPLE MacBook Pro Core i5 8th Gen - (8 GB/256 GB SSD/Mac OS Mojave) MUHP2HN/A,"₹1,12,040","Intel Core i5 Processor (8th Gen)8 GB DDR3 RAMMac OS Operating System256 GB SSD33.78 cm (13.3 inch) DisplayBuilt-in Apps: Keynote, Siri, Safari, FaceTime, App Store, iTunes, Time Machine, iMovie, GarageBand, Pages, Notes1 Year Onsite Warranty"
